<?xml version="1.0" encoding="UTF-8"?>
<!DOCTYPE mapper PUBLIC "-//mybatis.org//DTD Mapper 3.0//EN" "http://mybatis.org/dtd/mybatis-3-mapper.dtd">
<mapper namespace="com.sp.ppms.console.dao.FinanceReportToEmaViewMapper">
  <resultMap id="BaseResultMap" type="com.sp.ppms.console.domain.FinanceReportToEmaView">
    <!--
      WARNING - @mbg.generated
      This element is automatically generated by MyBatis Generator, do not modify.
      This element was generated on Tue Dec 18 10:09:21 GMT+08:00 2018.
    -->
    <result column="acc_no" jdbcType="VARCHAR" property="accNo" />
    <result column="topup_amt" jdbcType="NUMERIC" property="topupAmt" />
    <result column="txn_status" jdbcType="VARCHAR" property="txnStatus" />
    <result column="txn_type" jdbcType="VARCHAR" property="txnType" />
    <result column="txn_date" jdbcType="TIMESTAMP" property="txnDate" />
    <result column="consumption" jdbcType="NUMERIC" property="consumption" />
    <result column="data_date" jdbcType="VARCHAR" property="dataDate" />
    <result column="sequence" jdbcType="BIGINT" property="sequence" />
  </resultMap>
  <insert id="insert" parameterType="com.sp.ppms.console.domain.FinanceReportToEmaView">
    <!--
      WARNING - @mbg.generated
      This element is automatically generated by MyBatis Generator, do not modify.
      This element was generated on Tue Dec 18 10:09:21 GMT+08:00 2018.
    -->
    insert into FINANCE_REPORT_TO_EMA_VIEW (acc_no, topup_amt, txn_status, 
      txn_type, txn_date, consumption, 
      data_date, sequence)
    values (#{accNo,jdbcType=VARCHAR}, #{topupAmt,jdbcType=NUMERIC}, #{txnStatus,jdbcType=VARCHAR}, 
      #{txnType,jdbcType=VARCHAR}, #{txnDate,jdbcType=TIMESTAMP}, #{consumption,jdbcType=NUMERIC}, 
      #{dataDate,jdbcType=VARCHAR}, #{sequence,jdbcType=BIGINT})
  </insert>
  <select id="selectAll" resultMap="BaseResultMap">
    <!--
      WARNING - @mbg.generated
      This element is automatically generated by MyBatis Generator, do not modify.
      This element was generated on Tue Dec 18 10:09:21 GMT+08:00 2018.
    -->
    select acc_no, topup_amt, txn_status, txn_type, txn_date, consumption, data_date, 
    sequence
    from FINANCE_REPORT_TO_EMA_VIEW
  </select>

  <!--查询financeReportToEMA的所有记录(从视图中查询)-->
  <select id="selectReportToEma" parameterType="java.util.HashMap" resultMap="BaseResultMap">
    SELECT
	acc_no,
	topup_amt,
	txn_status,
	txn_type,
	txn_date,
	consumption,
	data_date,
	ROW_NUMBER () OVER (
		partition BY acc_no
		ORDER BY
			data_date ASC
	) AS sequence
    FROM
        FINANCE_REPORT_TO_EMA_VIEW
    WHERE
        CONVERT (VARCHAR(100), txn_date, 23) BETWEEN #{consumptionStartDate}
    AND #{consumptionEndDate}
    OR data_date = #{dataDate}
  </select>
</mapper>